               epoch,      train/box_loss,      train/obj_loss,      train/cls_loss,   metrics/precision,      metrics/recall,     metrics/mAP_0.5,metrics/mAP_0.5:0.95,        val/box_loss,        val/obj_loss,        val/cls_loss,               x/lr0,               x/lr1,               x/lr2
                   0,            0.093782,            0.038704,            0.050155,           0.0045805,             0.56906,            0.029398,           0.0098376,            0.063016,            0.018081,            0.040626,            0.070333,           0.0032963,           0.0032963
                   1,            0.063438,            0.040226,            0.030444,             0.61328,             0.16689,             0.14225,            0.054879,            0.051456,            0.018564,            0.017569,            0.040268,            0.006564,            0.006564
                   2,            0.060222,            0.035011,            0.014247,             0.23964,              0.2109,             0.17388,            0.057775,            0.050393,            0.017844,            0.019032,            0.010136,           0.0097657,           0.0097657
                   3,             0.05556,            0.034731,           0.0094817,             0.23996,             0.32797,             0.27792,            0.095857,            0.046759,             0.01745,            0.018075,            0.009703,            0.009703,            0.009703
                   4,            0.053478,            0.032783,           0.0078702,             0.30068,             0.31043,             0.29655,             0.10323,            0.047053,            0.015818,            0.011977,            0.009703,            0.009703,            0.009703
                   5,            0.049851,            0.033751,           0.0065872,             0.24954,             0.33728,             0.24261,            0.090871,             0.04744,            0.018027,            0.013985,            0.009604,            0.009604,            0.009604
                   6,            0.049783,            0.033347,            0.006042,             0.37462,              0.4513,             0.40891,             0.16612,            0.040742,            0.016543,            0.010304,            0.009505,            0.009505,            0.009505
                   7,            0.046847,            0.033023,           0.0051937,             0.35859,              0.4563,             0.42056,              0.1807,            0.041099,            0.015797,           0.0061567,            0.009406,            0.009406,            0.009406
                   8,            0.045133,            0.033195,           0.0047836,             0.44672,             0.49197,             0.47116,             0.20173,            0.040189,            0.015082,           0.0086817,            0.009307,            0.009307,            0.009307
                   9,            0.044866,            0.033289,           0.0041997,             0.26436,             0.18785,             0.17307,            0.064093,            0.053455,            0.018184,            0.036893,            0.009208,            0.009208,            0.009208
                  10,            0.043653,            0.031453,           0.0039128,             0.42437,             0.47421,              0.4616,             0.19708,            0.037479,            0.016472,           0.0075866,            0.009109,            0.009109,            0.009109
                  11,            0.042372,            0.032291,           0.0040918,             0.44885,              0.4369,             0.41999,             0.16712,            0.038616,            0.016828,           0.0086904,             0.00901,             0.00901,             0.00901
                  12,            0.043609,            0.032425,            0.003594,              0.5104,             0.54637,              0.5336,             0.22568,            0.034013,            0.015735,            0.004039,            0.008911,            0.008911,            0.008911
                  13,             0.04152,            0.032821,           0.0032563,             0.56876,             0.60942,             0.61364,             0.27716,            0.033519,            0.015426,           0.0049292,            0.008812,            0.008812,            0.008812
                  14,            0.040911,              0.0322,           0.0042627,             0.51309,             0.58039,             0.57278,              0.2323,            0.034506,            0.014803,           0.0067383,            0.008713,            0.008713,            0.008713
                  15,            0.040288,            0.032333,           0.0030987,             0.56177,              0.6102,             0.62187,             0.29584,            0.031556,            0.014763,           0.0097145,            0.008614,            0.008614,            0.008614
                  16,            0.040043,            0.030964,           0.0031751,             0.43972,             0.53105,             0.47949,             0.21448,            0.035933,            0.015994,             0.01034,            0.008515,            0.008515,            0.008515
                  17,            0.040476,            0.031942,            0.002993,             0.43743,             0.54682,             0.47031,             0.20746,            0.038835,            0.016028,           0.0064537,            0.008416,            0.008416,            0.008416
                  18,            0.039048,            0.030905,           0.0031153,              0.5782,             0.66259,             0.64766,             0.30855,            0.032115,             0.01537,           0.0050206,            0.008317,            0.008317,            0.008317
                  19,            0.038867,            0.030932,           0.0031718,             0.60373,             0.58416,              0.5969,              0.2681,            0.035294,            0.015533,           0.0085214,            0.008218,            0.008218,            0.008218
                  20,            0.039266,            0.031874,           0.0031442,             0.54701,             0.59079,             0.60278,             0.27255,            0.032878,            0.014874,           0.0060622,            0.008119,            0.008119,            0.008119
                  21,            0.038312,            0.031061,           0.0029522,             0.58591,             0.62233,             0.62501,             0.30249,            0.031576,            0.015093,             0.00784,             0.00802,             0.00802,             0.00802
                  22,            0.037838,            0.030898,           0.0026767,              0.5918,             0.61937,             0.65776,             0.30404,            0.031117,            0.014799,           0.0018676,            0.007921,            0.007921,            0.007921
                  23,            0.038152,            0.030955,           0.0029022,             0.50556,             0.61668,             0.54397,             0.26232,            0.034161,            0.015643,           0.0050283,            0.007822,            0.007822,            0.007822
                  24,            0.037422,            0.031449,            0.002356,             0.56289,             0.60441,             0.64031,             0.30415,            0.031104,            0.014882,            0.011936,            0.007723,            0.007723,            0.007723
                  25,            0.037739,            0.030726,           0.0022284,             0.58855,              0.6731,             0.67152,             0.31845,            0.029566,            0.014614,           0.0081777,            0.007624,            0.007624,            0.007624
                  26,            0.037495,            0.030743,           0.0021395,              0.6237,             0.65679,             0.66932,             0.31383,            0.030247,            0.014889,           0.0037445,            0.007525,            0.007525,            0.007525
                  27,            0.036773,            0.030702,           0.0019607,             0.58205,             0.67447,              0.6551,             0.31321,            0.029874,            0.014735,           0.0078754,            0.007426,            0.007426,            0.007426
                  28,            0.036883,            0.031094,            0.002546,             0.48727,             0.59819,             0.53511,             0.25127,            0.033918,            0.015377,           0.0058627,            0.007327,            0.007327,            0.007327
                  29,            0.037374,            0.030607,           0.0025053,             0.55537,             0.63599,             0.61627,             0.29219,            0.032446,            0.015164,           0.0072139,            0.007228,            0.007228,            0.007228
                  30,            0.037472,            0.030248,           0.0022755,             0.63151,              0.6722,             0.68434,             0.33774,             0.02965,            0.014537,           0.0072473,            0.007129,            0.007129,            0.007129
                  31,             0.03606,            0.029815,           0.0017843,             0.53502,             0.65803,             0.62601,             0.28708,             0.03154,            0.014553,           0.0087718,             0.00703,             0.00703,             0.00703
                  32,            0.036484,            0.030142,           0.0017267,             0.59894,             0.62674,             0.64708,             0.30568,            0.030304,            0.014921,           0.0066498,            0.006931,            0.006931,            0.006931
                  33,            0.035899,             0.03055,           0.0021167,             0.56439,             0.65644,             0.61382,             0.29812,             0.03203,            0.015536,            0.010398,            0.006832,            0.006832,            0.006832
                  34,            0.035854,             0.02998,           0.0021085,             0.58835,             0.71496,             0.67574,             0.33202,            0.028884,            0.014512,           0.0078298,            0.006733,            0.006733,            0.006733
                  35,            0.036212,            0.029419,           0.0017776,             0.60862,             0.69602,             0.68165,             0.34729,            0.028589,            0.014107,           0.0044575,            0.006634,            0.006634,            0.006634
                  36,            0.035371,            0.029817,           0.0019259,             0.58875,             0.65235,             0.65373,             0.32214,            0.030017,            0.015039,           0.0079465,            0.006535,            0.006535,            0.006535
                  37,            0.035193,            0.030061,           0.0021485,             0.60854,             0.67048,             0.67344,             0.32332,            0.029725,             0.01452,           0.0089886,            0.006436,            0.006436,            0.006436
                  38,            0.034848,            0.028653,           0.0019258,             0.64633,             0.61687,             0.66827,             0.30503,            0.031403,            0.015405,           0.0064232,            0.006337,            0.006337,            0.006337
                  39,            0.034512,            0.030424,           0.0018401,             0.61066,             0.67596,             0.67869,             0.33174,            0.029335,            0.014483,            0.007794,            0.006238,            0.006238,            0.006238
                  40,             0.03505,            0.029465,           0.0016549,             0.54639,              0.4901,              0.5212,              0.2299,            0.034021,            0.017029,           0.0064748,            0.006139,            0.006139,            0.006139
                  41,            0.034385,            0.029539,           0.0020889,             0.59718,             0.64832,             0.63983,             0.31072,            0.030286,            0.014969,           0.0030945,             0.00604,             0.00604,             0.00604
                  42,             0.03459,            0.029371,            0.002855,             0.61111,             0.68974,             0.66618,             0.32768,             0.02888,            0.014494,           0.0079638,            0.005941,            0.005941,            0.005941
                  43,            0.034145,            0.029086,           0.0016916,             0.57105,             0.63044,             0.61484,             0.30622,            0.031033,            0.014884,             0.01077,            0.005842,            0.005842,            0.005842
                  44,             0.03442,            0.029088,           0.0019272,             0.63699,              0.6206,             0.66735,             0.31988,            0.029474,             0.01523,           0.0033608,            0.005743,            0.005743,            0.005743
                  45,            0.033849,            0.028695,           0.0014965,             0.62107,             0.68387,             0.67036,             0.32071,            0.029863,            0.014666,           0.0057324,            0.005644,            0.005644,            0.005644
                  46,            0.033912,            0.028505,           0.0017161,             0.59269,             0.67683,             0.66964,             0.33384,            0.028592,            0.014701,           0.0051787,            0.005545,            0.005545,            0.005545
                  47,            0.033631,            0.029074,           0.0013764,             0.59677,             0.70529,             0.68372,              0.3367,            0.028042,            0.014626,           0.0064489,            0.005446,            0.005446,            0.005446
                  48,            0.033604,            0.028467,           0.0015976,             0.65953,             0.70026,             0.72802,             0.36442,            0.028967,            0.014385,           0.0069312,            0.005347,            0.005347,            0.005347
                  49,            0.033425,            0.028246,           0.0017089,              0.5944,             0.68385,             0.67143,             0.31492,            0.030541,            0.014653,           0.0076583,            0.005248,            0.005248,            0.005248
                  50,            0.033469,            0.028617,           0.0015985,             0.62788,             0.67434,             0.67862,             0.33715,            0.029913,            0.014739,           0.0055316,            0.005149,            0.005149,            0.005149
                  51,            0.032987,            0.028951,           0.0015464,             0.59213,             0.67761,             0.66041,             0.33029,            0.029155,            0.014899,            0.011947,             0.00505,             0.00505,             0.00505
                  52,            0.032872,            0.028225,           0.0015293,             0.64371,             0.65135,             0.67675,             0.34233,            0.028679,            0.014777,           0.0059312,            0.004951,            0.004951,            0.004951
                  53,            0.032921,            0.028481,           0.0014742,             0.61353,             0.66912,               0.678,             0.33521,            0.029825,            0.015117,           0.0088756,            0.004852,            0.004852,            0.004852
                  54,            0.032676,            0.027484,            0.001247,             0.65963,             0.67978,             0.70316,             0.35516,            0.029429,            0.014715,           0.0095799,            0.004753,            0.004753,            0.004753
                  55,            0.032341,             0.02786,           0.0014044,             0.60149,             0.67311,             0.65105,             0.30674,            0.029946,            0.015099,           0.0066227,            0.004654,            0.004654,            0.004654
                  56,            0.032424,            0.029011,           0.0011954,             0.60824,             0.69556,             0.68217,             0.33268,            0.029555,            0.014804,           0.0090646,            0.004555,            0.004555,            0.004555
                  57,            0.032063,            0.028014,           0.0012724,             0.64154,             0.67617,              0.6834,             0.34812,            0.029239,            0.014955,            0.014319,            0.004456,            0.004456,            0.004456
                  58,            0.031674,            0.027873,           0.0011909,             0.59586,             0.61912,             0.63631,             0.31732,            0.030756,            0.015591,            0.010033,            0.004357,            0.004357,            0.004357
                  59,            0.031815,            0.027465,           0.0011499,              0.6053,             0.68268,             0.65607,              0.3241,            0.030203,            0.015021,           0.0047915,            0.004258,            0.004258,            0.004258
                  60,            0.031612,            0.027285,           0.0012959,             0.61578,             0.67032,             0.67441,             0.33752,            0.028988,            0.015026,           0.0076769,            0.004159,            0.004159,            0.004159
                  61,            0.032528,            0.028412,           0.0016624,             0.58288,             0.71926,              0.6802,             0.34453,            0.028277,            0.014728,            0.007655,             0.00406,             0.00406,             0.00406
                  62,            0.031581,            0.027584,           0.0011953,             0.65889,              0.6602,             0.69391,             0.34235,            0.028953,            0.014782,           0.0063251,            0.003961,            0.003961,            0.003961
                  63,            0.030741,            0.027576,            0.001135,             0.62575,             0.68398,             0.68497,             0.35299,            0.029395,              0.0146,            0.010959,            0.003862,            0.003862,            0.003862
                  64,             0.03116,            0.028309,           0.0010573,             0.63602,             0.70207,             0.69581,             0.34276,             0.02924,            0.015004,           0.0087884,            0.003763,            0.003763,            0.003763
                  65,            0.030749,            0.027178,           0.0011874,             0.57709,             0.66267,             0.63399,             0.31165,            0.029604,            0.014961,           0.0090549,            0.003664,            0.003664,            0.003664
                  66,            0.031367,            0.028193,           0.0010314,             0.59671,             0.64306,             0.65099,             0.33131,            0.029016,            0.015444,            0.011322,            0.003565,            0.003565,            0.003565
                  67,            0.031156,            0.027399,          0.00090561,             0.59558,             0.69593,              0.6709,             0.34098,            0.028667,            0.015024,            0.012122,            0.003466,            0.003466,            0.003466
                  68,            0.030918,            0.027564,           0.0010916,             0.62986,             0.66676,             0.67396,             0.33569,            0.029749,             0.01526,           0.0055832,            0.003367,            0.003367,            0.003367
                  69,            0.030598,            0.027347,          0.00084723,             0.63057,             0.70281,             0.69354,             0.35111,            0.029433,            0.014746,           0.0098943,            0.003268,            0.003268,            0.003268
                  70,            0.029883,            0.026083,           0.0012479,             0.61321,             0.70642,             0.67479,             0.34102,            0.028808,             0.01498,           0.0076034,            0.003169,            0.003169,            0.003169
                  71,             0.02965,            0.027282,           0.0011497,             0.63303,              0.7001,             0.68171,             0.32925,            0.030427,            0.015273,            0.009617,             0.00307,             0.00307,             0.00307
                  72,            0.030116,             0.02723,          0.00096311,             0.61858,             0.67437,             0.66938,             0.33973,            0.028749,               0.015,            0.010991,            0.002971,            0.002971,            0.002971
                  73,             0.03066,            0.026299,           0.0011021,             0.62282,             0.69546,             0.68223,             0.33971,            0.028916,            0.015215,            0.010289,            0.002872,            0.002872,            0.002872
                  74,            0.029897,            0.026857,           0.0010488,             0.61129,             0.69406,             0.66988,              0.3368,            0.029042,            0.014954,           0.0089628,            0.002773,            0.002773,            0.002773
                  75,            0.030023,            0.027193,            0.001199,             0.65726,             0.66397,             0.68588,             0.35097,            0.028475,            0.015245,           0.0051987,            0.002674,            0.002674,            0.002674
                  76,            0.029411,             0.02687,          0.00079202,              0.5959,             0.70776,             0.65989,             0.34095,             0.02919,            0.015211,            0.008173,            0.002575,            0.002575,            0.002575
                  77,            0.030012,            0.026953,            0.001095,             0.64466,              0.6861,             0.69084,             0.35953,            0.028387,            0.015077,           0.0086441,            0.002476,            0.002476,            0.002476
                  78,            0.029582,             0.02687,           0.0010782,             0.61761,             0.70548,             0.66327,              0.3371,            0.028297,            0.015121,           0.0091952,            0.002377,            0.002377,            0.002377
                  79,            0.029359,            0.026583,          0.00069433,               0.627,             0.67832,             0.66421,             0.33758,            0.029076,            0.015419,            0.010024,            0.002278,            0.002278,            0.002278
                  80,            0.029183,            0.026161,          0.00067449,             0.62781,             0.72083,             0.68933,             0.35303,            0.028568,            0.014868,           0.0094787,            0.002179,            0.002179,            0.002179
                  81,            0.028596,            0.025714,          0.00072843,             0.67494,             0.69773,             0.71396,             0.36656,            0.029101,            0.015101,           0.0093226,             0.00208,             0.00208,             0.00208
                  82,            0.028626,            0.025555,           0.0011083,             0.65683,             0.68407,             0.69105,             0.35892,            0.029033,            0.015058,           0.0072691,            0.001981,            0.001981,            0.001981
                  83,            0.028274,            0.026012,          0.00096786,             0.67678,             0.69189,             0.70707,             0.35961,            0.029191,            0.015386,           0.0078664,            0.001882,            0.001882,            0.001882
                  84,            0.028958,            0.025492,          0.00069578,             0.64942,             0.69286,             0.69283,             0.35249,            0.028836,            0.015441,           0.0098181,            0.001783,            0.001783,            0.001783
                  85,            0.028378,            0.025284,          0.00062304,             0.61496,             0.70078,             0.69477,             0.35272,            0.028975,            0.015351,           0.0097606,            0.001684,            0.001684,            0.001684
                  86,            0.028218,            0.026059,          0.00078655,             0.63412,             0.70529,             0.69168,             0.35981,            0.028981,            0.015257,           0.0097415,            0.001585,            0.001585,            0.001585
                  87,            0.028553,            0.026104,          0.00084228,             0.66387,             0.67327,             0.70672,             0.35434,            0.029167,            0.015363,           0.0085146,            0.001486,            0.001486,            0.001486
                  88,            0.027778,            0.025564,          0.00093383,             0.66821,             0.66657,             0.69253,             0.35806,            0.029218,            0.015549,           0.0076108,            0.001387,            0.001387,            0.001387
                  89,            0.028079,            0.024801,          0.00073999,             0.64411,              0.6943,             0.69421,             0.35669,            0.028897,             0.01527,            0.010992,            0.001288,            0.001288,            0.001288
                  90,            0.027507,            0.025042,          0.00090033,             0.64917,             0.69386,             0.69445,             0.35583,            0.028344,            0.015384,            0.010754,            0.001189,            0.001189,            0.001189
                  91,            0.027481,             0.02536,           0.0008624,             0.65611,             0.67544,              0.6882,             0.35289,            0.028708,            0.015535,           0.0078965,             0.00109,             0.00109,             0.00109
                  92,            0.027134,            0.025605,          0.00059696,             0.63338,             0.70472,             0.69546,             0.35673,             0.02883,            0.015538,           0.0071105,            0.000991,            0.000991,            0.000991
                  93,            0.027316,            0.024847,          0.00060204,             0.61724,             0.69806,             0.68626,             0.35361,            0.028905,            0.015313,           0.0076169,            0.000892,            0.000892,            0.000892
                  94,            0.027444,            0.025557,          0.00079687,             0.63438,             0.69773,             0.69234,             0.35605,            0.028621,             0.01527,           0.0083006,            0.000793,            0.000793,            0.000793
                  95,            0.027235,            0.025876,          0.00075347,             0.61912,             0.71244,             0.68673,             0.35533,            0.028924,            0.015331,           0.0094518,            0.000694,            0.000694,            0.000694
                  96,            0.027373,             0.02479,          0.00076054,             0.61938,             0.70361,             0.68454,             0.35097,            0.029002,            0.015461,           0.0082304,            0.000595,            0.000595,            0.000595
                  97,            0.026924,            0.024752,          0.00067088,             0.63571,             0.69957,             0.68732,             0.35431,            0.028909,             0.01545,           0.0082356,            0.000496,            0.000496,            0.000496
                  98,            0.026794,            0.025169,          0.00057943,             0.61006,             0.71978,             0.68568,             0.35473,            0.028684,            0.015264,           0.0081751,            0.000397,            0.000397,            0.000397
                  99,            0.027027,            0.024662,          0.00056914,             0.62687,             0.70244,             0.68989,             0.35774,            0.028857,            0.015378,           0.0079124,            0.000298,            0.000298,            0.000298
